{"cameraMode":{"drawMode":0,"name":"Shaded","section":"Shading Mode"},"sceneLighting":true,"audioPlay":false,"sceneViewState":{"showFog":true,"showMaterialUpdate":false,"showSkybox":true,"showFlares":true,"showImageEffects":true,"showParticleSystems":true},"in2DMode":false,"pivot":{"x":53.69037628173828,"y":1.1529450416564942,"z":12.432479858398438},"rotation":{"x":-0.18572090566158296,"y":-0.44665876030921938,"z":0.09534292668104172,"w":-0.8700157999992371},"size":4.030116081237793,"orthographic":false}